
INSERT INTO university
(university_name, country, position )
VALUES
('Harvard University', 'United States', '1');

INSERT INTO position
(university_name, country, year)
VALUES
('Harvard University', 'United States', '2012');

INSERT INTO countryes
(university_name, country)
VALUES
('Harvard University', 'United States');

INSERT INTO years
(university_name, year)
VALUES
('Harvard University', '2012');

INSERT INTO university
(university_name, country, position )
VALUES
('Massachusetts Institute of Technology', 'United States', '2');

INSERT INTO position
(university_name, country, year)
VALUES
('Massachusetts Institute of Technology', 'United States', '2012');

INSERT INTO countryes
(university_name, country)
VALUES
('Massachusetts Institute of Technology', 'United States');

INSERT INTO years
(university_name, year)
VALUES
('Massachusetts Institute of Technology', '2012');

INSERT INTO university
(university_name, country, position )
VALUES
('Stanford University', 'United States', '3');

INSERT INTO position
(university_name, country, year)
VALUES
('Stanford University', 'United States', '2012');

INSERT INTO countryes
(university_name, country)
VALUES
('Stanford University', 'United States');

INSERT INTO years
(university_name, year)
VALUES
('Stanford University', '2012');

INSERT INTO university
(university_name, country, position )
VALUES
('University of Cambridge', '	United Kingdom', '4');

INSERT INTO position
(university_name, country, year)
VALUES
('University of Cambridge', '	United Kingdom', '2012');

INSERT INTO countryes
(university_name, country)
VALUES
('University of Cambridge', '	United Kingdom');

INSERT INTO years
(university_name, year)
VALUES
('University of Cambridge', '2012');

INSERT INTO university
(university_name, country, position )
VALUES
('California Institute of Technology', 'United States', '5');

INSERT INTO position
(university_name, country, year)
VALUES
('California Institute of Technology', 'United States', '2012');

INSERT INTO countryes
(university_name, country)
VALUES
('California Institute of Technology', 'United States');

INSERT INTO years
(university_name, year)
VALUES
('California Institute of Technology', '2012');

INSERT INTO university
(university_name, country, position )
VALUES
('Princeton University', 'United States', '6');

INSERT INTO position
(university_name, country, year)
VALUES
('Princeton University', 'United States', '2012');

INSERT INTO countryes
(university_name, country)
VALUES
('Princeton University', 'United States');

INSERT INTO years
(university_name, year)
VALUES
('Princeton University', '2012');

INSERT INTO university
(university_name, country, position )
VALUES
('University of Oxford', '	United Kingdom', '7');

INSERT INTO position
(university_name, country, year)
VALUES
('University of Oxford', '	United Kingdom', '2012');

INSERT INTO countryes
(university_name, country)
VALUES
('University of Oxford', '	United Kingdom');

INSERT INTO years
(university_name, year)
VALUES
('University of Oxford', '2012');
