INSERT INTO Countries (country_name) VALUES ('United Kingdom');
INSERT INTO Countries (country_name) VALUES ('Japan');
INSERT INTO Countries (country_name) VALUES ('USA');
INSERT INTO Countries (country_name) VALUES ('Switzerland');
INSERT INTO Countries (country_name) VALUES ('Israel');


INSERT INTO Ranks (university_rank) VALUES ('1');
INSERT INTO Ranks (university_rank) VALUES ('2');
INSERT INTO Ranks (university_rank) VALUES ('3');
INSERT INTO Ranks (university_rank) VALUES ('4');
INSERT INTO Ranks (university_rank) VALUES ('5');
INSERT INTO Ranks (university_rank) VALUES ('6');
INSERT INTO Ranks (university_rank) VALUES ('7');
INSERT INTO Ranks (university_rank) VALUES ('8');
INSERT INTO Ranks (university_rank) VALUES ('9');
INSERT INTO Ranks (university_rank) VALUES ('10');
INSERT INTO Ranks (university_rank) VALUES ('11');
INSERT INTO Ranks (university_rank) VALUES ('12');
INSERT INTO Ranks (university_rank) VALUES ('13');
INSERT INTO Ranks (university_rank) VALUES ('14');
INSERT INTO Ranks (university_rank) VALUES ('15');
INSERT INTO Ranks (university_rank) VALUES ('16');
INSERT INTO Ranks (university_rank) VALUES ('17');
INSERT INTO Ranks (university_rank) VALUES ('18');
INSERT INTO Ranks (university_rank) VALUES ('19');
INSERT INTO Ranks (university_rank) VALUES ('20');
INSERT INTO Ranks (university_rank) VALUES ('21');
INSERT INTO Ranks (university_rank) VALUES ('22');
INSERT INTO Ranks (university_rank) VALUES ('23');
INSERT INTO Ranks (university_rank) VALUES ('24');
INSERT INTO Ranks (university_rank) VALUES ('25');


INSERT INTO Universities (university_name, dynamic_year, quality_of_faculty, country_name) VALUES ('Harvard University', 2012, 1, 'USA');
INSERT INTO Universities (university_name, dynamic_year, quality_of_faculty, country_name) VALUES ('Massachusetts Institute of Technology', 2012, 3, 'USA');
INSERT INTO Universities (university_name, dynamic_year, quality_of_faculty, country_name) VALUES ('Stanford University', 2012, 5, 'USA');
INSERT INTO Universities (university_name, dynamic_year, quality_of_faculty, country_name) VALUES ('University of Cambridge', 2012, 4, 'United Kingdom');
INSERT INTO Universities (university_name, dynamic_year, quality_of_faculty, country_name) VALUES ('California Institute of Technology', 2012, 7, 'USA');
INSERT INTO Universities (university_name, dynamic_year, quality_of_faculty, country_name) VALUES ('Princeton University', 2012, 2, 'USA');
INSERT INTO Universities (university_name, dynamic_year, quality_of_faculty, country_name) VALUES ('University of Oxford', 2012, 9, 'United Kingdom');
INSERT INTO Universities (university_name, dynamic_year, quality_of_faculty, country_name) VALUES ('Yale University', 2012, 12, 'USA');
INSERT INTO Universities (university_name, dynamic_year, quality_of_faculty, country_name) VALUES ('Columbia University', 2012, 10, 'USA');
INSERT INTO Universities (university_name, dynamic_year, quality_of_faculty, country_name) VALUES ('University of California, Berkeley', 2012, 6, 'USA');
INSERT INTO Universities (university_name, dynamic_year, quality_of_faculty, country_name) VALUES ('University of Chicago', 2012, 8, 'USA');
INSERT INTO Universities (university_name, dynamic_year, quality_of_faculty, country_name) VALUES ('Cornell University', 2012, 14, 'USA');
INSERT INTO Universities (university_name, dynamic_year, quality_of_faculty, country_name) VALUES ('University of Pennsylvania', 2012, 24, 'USA');
INSERT INTO Universities (university_name, dynamic_year, quality_of_faculty, country_name) VALUES ('University of Tokyo', 2012, 31, 'Japan');
INSERT INTO Universities (university_name, dynamic_year, quality_of_faculty, country_name) VALUES ('Johns Hopkins University', 2012, 20, 'USA');
INSERT INTO Universities (university_name, dynamic_year, quality_of_faculty, country_name) VALUES ('Swiss Federal Institute of Technology in Zurich', 2012, 11, 'Switzerland');
INSERT INTO Universities (university_name, dynamic_year, quality_of_faculty, country_name) VALUES ('Kyoto University', 2012, 19, 'Japan');
INSERT INTO Universities (university_name, dynamic_year, quality_of_faculty, country_name) VALUES ('Weizmann Institute of Science', 2012, 22, 'Israel');
INSERT INTO Universities (university_name, dynamic_year, quality_of_faculty, country_name) VALUES ('University of California, Los Angeles', 2012, 23, 'USA');
INSERT INTO Universities (university_name, dynamic_year, quality_of_faculty, country_name) VALUES ('University of California, San Diego', 2012, 15, 'USA');
INSERT INTO Universities (university_name, dynamic_year, quality_of_faculty, country_name) VALUES ('Rockefeller University', 2012, 16, 'USA');
INSERT INTO Universities (university_name, dynamic_year, quality_of_faculty, country_name) VALUES ('Hebrew University of Jerusalem', 2012, 13, 'Israel');
INSERT INTO Universities (university_name, dynamic_year, quality_of_faculty, country_name) VALUES ('New York University', 2012, 17, 'USA');
INSERT INTO Universities (university_name, dynamic_year, quality_of_faculty, country_name) VALUES ('University of California, San Francisco', 2012, 21, 'USA');
INSERT INTO Universities (university_name, dynamic_year, quality_of_faculty, country_name) VALUES ('University of Wisconsin–Madison', 2012, 33, 'USA');


INSERT INTO Universities_Ranks (university_name, dynamic_year, country_name, university_rank) VALUES ('Harvard University', 2012, 'USA', '1');
INSERT INTO Universities_Ranks (university_name, dynamic_year, country_name, university_rank) VALUES ('Massachusetts Institute of Technology', 2012, 'USA', '2');
INSERT INTO Universities_Ranks (university_name, dynamic_year, country_name, university_rank) VALUES ('Stanford University', 2012, 'USA', '3');
INSERT INTO Universities_Ranks (university_name, dynamic_year, country_name, university_rank) VALUES ('University of Cambridge', 2012, 'United Kingdom', '4');
INSERT INTO Universities_Ranks (university_name, dynamic_year, country_name, university_rank) VALUES ('California Institute of Technology', 2012, 'USA', '5');
INSERT INTO Universities_Ranks (university_name, dynamic_year, country_name, university_rank) VALUES ('Princeton University', 2012, 'USA', '6');
INSERT INTO Universities_Ranks (university_name, dynamic_year, country_name, university_rank) VALUES ('University of Oxford', 2012, 'United Kingdom', '7');
INSERT INTO Universities_Ranks (university_name, dynamic_year, country_name, university_rank) VALUES ('Yale University', 2012, 'USA', '8');
INSERT INTO Universities_Ranks (university_name, dynamic_year, country_name, university_rank) VALUES ('Columbia University', 2012, 'USA', '9');
INSERT INTO Universities_Ranks (university_name, dynamic_year, country_name, university_rank) VALUES ('University of California, Berkeley', 2012, 'USA', '10');
INSERT INTO Universities_Ranks (university_name, dynamic_year, country_name, university_rank) VALUES ('University of Chicago', 2012, 'USA', '11');
INSERT INTO Universities_Ranks (university_name, dynamic_year, country_name, university_rank) VALUES ('Cornell University', 2012, 'USA', '12');
INSERT INTO Universities_Ranks (university_name, dynamic_year, country_name, university_rank) VALUES ('University of Pennsylvania', 2012, 'USA', '13');
INSERT INTO Universities_Ranks (university_name, dynamic_year, country_name, university_rank) VALUES ('University of Tokyo', 2012, 'Japan', '14');
INSERT INTO Universities_Ranks (university_name, dynamic_year, country_name, university_rank) VALUES ('Johns Hopkins University', 2012, 'USA', '15');
INSERT INTO Universities_Ranks (university_name, dynamic_year, country_name, university_rank) VALUES ('Swiss Federal Institute of Technology in Zurich', 2012, 'Switzerland', '16');
INSERT INTO Universities_Ranks (university_name, dynamic_year, country_name, university_rank) VALUES ('Kyoto University', 2012, 'Japan', '17');
INSERT INTO Universities_Ranks (university_name, dynamic_year, country_name, university_rank) VALUES ('Weizmann Institute of Science', 2012, 'Israel', '18');
INSERT INTO Universities_Ranks (university_name, dynamic_year, country_name, university_rank) VALUES ('University of California, Los Angeles', 2012, 'USA', '19');
INSERT INTO Universities_Ranks (university_name, dynamic_year, country_name, university_rank) VALUES ('University of California, San Diego', 2012,  'USA', '20');
INSERT INTO Universities_Ranks (university_name, dynamic_year, country_name, university_rank) VALUES ('Rockefeller University', 2012, 'USA', '21');
INSERT INTO Universities_Ranks (university_name, dynamic_year, country_name, university_rank) VALUES ('Hebrew University of Jerusalem', 2012, 'Israel', '22');
INSERT INTO Universities_Ranks (university_name, dynamic_year, country_name, university_rank) VALUES ('New York University', 2012, 'USA', '23');
INSERT INTO Universities_Ranks (university_name, dynamic_year, country_name, university_rank) VALUES ('University of California, San Francisco', 2012, 'USA', '24');
INSERT INTO Universities_Ranks (university_name, dynamic_year, country_name, university_rank) VALUES ('University of Wisconsin–Madison', 2012, 'USA', '25');
